NEIGHBORHOOD,count,avg_price,median_price,avg_gross_sqft,avg_land_sqft,avg_units
MIDTOWN CBD,9,310240777.7777778,90000000.0,250604.77777777778,14439.0,12.0
FINANCIAL,11,239222666.54545453,100107200.0,445325.2727272727,18572.363636363636,110.0909090909091
FASHION,14,100757129.92857143,52500000.0,144819.7857142857,8459.57142857143,52.07142857142857
KIPS BAY,12,81316666.66666667,13850000.0,98360.58333333333,16735.416666666668,121.25
TRIBECA,3,72555000.0,90000000.0,84229.0,9033.333333333334,11.0
DOWNTOWN-METROTECH,12,59022271.583333336,52292477.5,146872.25,15074.666666666666,2.75
JAVITS CENTER,9,56841111.11111111,7950000.0,75857.11111111111,10289.888888888889,5.555555555555555
DOWNTOWN-FULTON MALL,9,37372949.55555555,11100000.0,41123.333333333336,12120.0,3.3333333333333335
CIVIC CENTER,7,31567857.14285714,15000000.0,17078.285714285714,3543.1428571428573,8.0
GREENWICH VILLAGE-CENTRAL,23,26856239.52173913,11800000.0,23858.91304347826,4298.130434782609,13.956521739130435
DOWNTOWN-FULTON FERRY,3,24590417.333333332,5976252.0,17040.666666666668,8609.0,1.3333333333333333
ROOSEVELT ISLAND,1,23296741.0,23296741.0,38428.0,23774.0,52.0
FLATIRON,9,23222298.222222224,6625000.0,47976.77777777778,4477.333333333333,11.555555555555555
CHELSEA,42,20916470.14285714,8125000.0,19501.428571428572,3895.714285714286,8.047619047619047
SOHO,21,20036632.19047619,12000000.0,56977.42857142857,6877.666666666667,8.047619047619047
SOUTHBRIDGE,1,19000000.0,19000000.0,31073.0,3480.0,13.0
GREENWICH VILLAGE-WEST,41,15940164.292682927,9600000.0,12071.390243902439,2773.7804878048782,10.414634146341463
LITTLE ITALY,4,14800000.0,13100000.0,15797.5,3143.25,15.25
MURRAY HILL,26,14775581.538461538,7175000.0,20519.576923076922,2915.8846153846152,12.153846153846153
UPPER EAST SIDE (59-79),60,13360598.15,9575000.0,19473.666666666668,3441.116666666667,17.883333333333333
UPPER WEST SIDE (79-96),36,12946832.222222222,6225000.0,36222.416666666664,4216.666666666667,21.083333333333332
UPPER WEST SIDE (59-79),21,12901404.0,5700000.0,44933.19047619047,4763.952380952381,29.047619047619047
LOWER EAST SIDE,27,12699000.0,9200000.0,12536.962962962964,2642.4814814814813,11.25925925925926
UPPER WEST SIDE (96-116),13,12666000.76923077,5243000.0,19841.923076923078,3256.769230769231,20.076923076923077
GRAMERCY,15,12509648.933333334,8700000.0,9922.933333333332,2356.266666666667,8.2
WASHINGTON HEIGHTS LOWER,33,11285392.666666666,9850000.0,30772.0,7307.969696969697,31.060606060606062
EAST RIVER,1,11200000.0,11200000.0,20000.0,77835.0,1.0
WILLIAMSBURG-NORTH,35,10668885.142857144,3600000.0,10045.885714285714,5012.8,7.571428571428571
UPPER EAST SIDE (79-96),54,10537361.666666666,7382453.5,13561.777777777777,2982.6111111111113,15.185185185185185
MIDTOWN EAST,17,10102235.294117646,5500000.0,9178.117647058823,2823.705882352941,13.058823529411764
WASHINGTON HEIGHTS UPPER,22,10091682.727272727,7300000.0,24994.136363636364,6451.045454545455,27.772727272727273
MIDTOWN WEST,89,9596384.932584269,49900.0,90076.50561797753,6681.831460674157,5.584269662921348
BROOKLYN HEIGHTS,37,9305730.054054054,5400000.0,11017.0,4598.486486486487,5.5675675675675675
INWOOD,18,8773819.055555556,3160000.0,19484.444444444445,8283.444444444445,22.77777777777778
CLINTON,13,8710632.615384616,8010000.0,7979.615384615385,3266.4615384615386,8.0
LONG ISLAND CITY,90,8610240.711111112,1895500.0,18338.18888888889,10069.211111111112,3.577777777777778
MANHATTAN VALLEY,17,8311675.588235294,7150000.0,25501.882352941175,5756.294117647059,38.1764705882353
EAST VILLAGE,16,8224475.5,6354000.0,9537.5625,2758.0625,16.875
CHINATOWN,10,7323001.0,5565000.0,11217.5,2560.1,8.6
ALPHABET CITY,11,7200101.090909091,6625000.0,7817.363636363636,2461.7272727272725,9.363636363636363
UPPER EAST SIDE (96-110),4,7110954.0,8280800.0,26756.5,6528.25,31.75
WILLIAMSBURG-SOUTH,34,6642030.588235294,2850000.0,12894.64705882353,3637.823529411765,9.970588235294118
HARLEM-EAST,98,5775328.285714285,4436785.0,13598.397959183674,3807.2551020408164,19.0
HARLEM-CENTRAL,136,4772778.25,2345000.0,35172.92647058824,11315.279411764706,41.97794117647059
HARLEM-WEST,10,4743790.0,2855000.0,17885.9,5297.9,18.2
PARK SLOPE,125,4329912.424,3250000.0,5520.656,2721.696,4.496
BOERUM HILL,68,3855792.5,3082500.0,4505.544117647059,2160.029411764706,3.3088235294117645
CLINTON HILL,70,3855260.785714286,2430000.0,6187.542857142857,2830.2714285714287,6.0285714285714285
PROSPECT HEIGHTS,25,3830988.2,2465000.0,5035.08,2536.92,5.0
KINGSBRIDGE HTS/UNIV HTS,53,3765432.6603773586,470000.0,13400.716981132075,5292.037735849057,7.943396226415095
HARLEM-UPPER,50,3699355.38,2300000.0,9901.8,2860.04,7.82
COBBLE HILL,20,3665500.5,3687500.0,3598.5,1841.45,3.2
FORT GREENE,49,3486529.897959184,2250000.0,5388.0,3130.387755102041,5.204081632653061
RED HOOK,37,3061391.972972973,1700000.0,11811.162162162162,10076.72972972973,2.4054054054054053
WILLIAMSBURG-EAST,110,3002121.0,1714900.0,5587.154545454546,4501.154545454546,3.581818181818182
NEW BRIGHTON-ST. GEORGE,2,2830000.0,2830000.0,5004.0,3550.0,5.5
MOUNT HOPE/MOUNT EDEN,53,2781989.6226415094,585000.0,13074.433962264151,4639.773584905661,13.754716981132075
RIVERDALE,58,2770362.2586206896,863000.0,19962.603448275862,17394.741379310344,13.310344827586206
KENSINGTON,38,2765709.3157894737,1212500.0,16429.026315789473,4957.631578947368,14.31578947368421
MELROSE/CONCOURSE,95,2749208.2,549000.0,18550.621052631577,6054.021052631579,15.663157894736843
FIELDSTON,16,2613362.5,1901000.0,5803.875,16166.125,3.6875
CARROLL GARDENS,62,2612491.4032258065,2787500.0,3031.483870967742,1848.4193548387098,3.225806451612903
HIGHBRIDGE/MORRIS HEIGHTS,61,2585152.5409836066,520000.0,17419.491803278688,6513.540983606557,14.639344262295081
GREENPOINT,113,2539922.4336283184,1970000.0,5693.513274336283,4479.761061946902,3.52212389380531
BELMONT,47,2424734.170212766,615000.0,6316.234042553191,3029.8297872340427,7.382978723404255
FLATBUSH-LEFFERTS GARDEN,88,2259542.4431818184,1339500.0,6016.454545454545,3231.159090909091,5.693181818181818
REGO PARK,106,2230791.6886792453,870000.0,8914.754716981131,4203.61320754717,5.7924528301886795
FORDHAM,48,2152735.25,645000.0,9851.979166666666,4167.666666666667,9.270833333333334
MOTT HAVEN/PORT MORRIS,91,2107626.8791208793,750000.0,8165.714285714285,4788.3626373626375,4.384615384615385
NAVY YARD,22,2080607.5909090908,2144162.5,3288.7272727272725,1567.9545454545455,1.3636363636363635
COBBLE HILL-WEST,18,2023380.6666666667,2295000.0,3471.9444444444443,2124.777777777778,3.611111111111111
WILLIAMSBURG-CENTRAL,21,2004453.3333333333,1200000.0,3704.0476190476193,2358.4285714285716,3.380952380952381
GOWANUS,61,1978049.31147541,1500000.0,2890.9180327868853,3016.032786885246,2.4262295081967213
ASTORIA,324,1950097.1944444445,1173250.0,3967.0555555555557,3009.3456790123455,3.7901234567901234
ELMHURST,242,1907942.1033057852,880000.0,5041.252066115702,3216.413223140496,4.805785123966942
PARK SLOPE SOUTH,74,1849955.2567567567,1800000.0,2519.337837837838,1791.162162162162,2.7567567567567566
SUNSET PARK,219,1772183.3515981736,1180000.0,3332.365296803653,2371.27397260274,3.34703196347032
BUSH TERMINAL,23,1759413.043478261,950000.0,4715.086956521739,3056.478260869565,2.5652173913043477
FLATBUSH-CENTRAL,240,1720334.9583333333,995000.0,5381.2125,3682.9,4.975
WOODSIDE,91,1566900.8901098901,950000.0,3936.3516483516482,2797.802197802198,3.89010989010989
WINDSOR TERRACE,49,1561744.3469387756,1540000.0,2058.4285714285716,1914.3877551020407,1.836734693877551
KINGSBRIDGE/JEROME PARK,64,1545507.03125,571000.0,8811.0625,4854.703125,9.078125
OCEAN PARKWAY-NORTH,201,1545380.5024875621,1080000.0,3014.283582089552,3217.0248756218907,2.308457711442786
BOROUGH PARK,386,1525386.8031088084,1201000.0,3451.2849740932643,2696.8652849740934,2.849740932642487
SUNNYSIDE,106,1520542.3679245282,911250.0,4292.669811320755,4096.584905660377,4.811320754716981
CROWN HEIGHTS,308,1503361.3246753246,1087515.0,4181.724025974026,2562.896103896104,3.7824675324675323
HOLLISWOOD,45,1484239.9555555556,875000.0,3932.6222222222223,7475.4,3.1333333333333333
BEDFORD STUYVESANT,623,1452582.9951845906,1230000.0,3483.112359550562,2175.7881219903693,3.2808988764044944
MIDWOOD,183,1415299.3387978142,1100000.0,2890.48087431694,3329.3497267759562,1.8579234972677596
JACKSON HEIGHTS,238,1412815.0672268907,775000.0,5657.94537815126,3317.890756302521,5.676470588235294
HUNTS POINT,42,1404918.619047619,540500.0,14710.714285714286,27643.261904761905,3.5238095238095237
SHEEPSHEAD BAY,269,1379320.2750929368,795000.0,4783.167286245353,3861.029739776952,3.929368029739777
WYCKOFF HEIGHTS,45,1361087.7777777778,1250000.0,4001.488888888889,2707.822222222222,3.6666666666666665
OCEAN PARKWAY-SOUTH,127,1342592.9606299212,980000.0,2351.212598425197,2750.0393700787404,1.8976377952755905
MANHATTAN BEACH,43,1333146.558139535,1355000.0,2377.3023255813955,3584.6279069767443,1.3255813953488371
CONEY ISLAND,51,1329259.3137254901,518000.0,9041.980392156862,7782.78431372549,4.0588235294117645
FLUSHING-NORTH,797,1328472.747804266,925000.0,2831.99121706399,4028.485570890841,2.351317440401506
JAMAICA,106,1327100.433962264,697010.5,4508.490566037736,4034.169811320755,24.452830188679247
BAY RIDGE,268,1299216.0485074627,1116250.0,2763.5037313432836,2643.2350746268658,2.5111940298507465
BENSONHURST,270,1281369.9703703704,1140000.0,2911.222222222222,2678.2444444444445,2.6777777777777776
EAST ELMHURST,175,1278213.3714285714,690000.0,5680.194285714286,5724.457142857143,8.274285714285714
FOREST HILLS,173,1207382.3583815028,1045000.0,5723.664739884393,4594.052023121388,5.369942196531792
MORRISANIA/LONGWOOD,193,1199482.9274611399,500000.0,6872.538860103627,4325.59067357513,5.062176165803109
TODT HILL,29,1176783.1724137932,1125000.0,7995.241379310345,91784.0,1.0
BEDFORD PARK/NORWOOD,99,1144129.0303030303,527000.0,6998.363636363636,3467.3838383838383,5.434343434343434
ROSSVILLE-PORT MOBIL,2,1125000.0,1125000.0,3370.0,15583.5,1.0
BUSHWICK,351,1124528.9401709402,950000.0,3327.6524216524217,2213.5156695156697,3.2792022792022792
MADISON,147,1088151.448979592,837000.0,2252.265306122449,2668.156462585034,1.8231292517006803
BATH BEACH,106,1078775.066037736,992500.0,2543.3396226415093,2414.169811320755,2.3207547169811322
DYKER HEIGHTS,162,1071857.1172839506,1032127.0,2180.5864197530864,2337.2654320987654,1.9506172839506173
JAMAICA ESTATES,75,1067230.7733333334,995000.0,2099.266666666667,6211.626666666667,1.1733333333333333
DOUGLASTON,84,1054786.630952381,950000.0,3801.154761904762,8222.345238095239,3.0952380952380953
OAKLAND GARDENS,71,1042696.0422535212,860000.0,1989.4366197183099,4795.704225352113,1.380281690140845
GRAVESEND,241,1036942.7883817428,910000.0,7679.751037344398,20821.070539419088,2.4937759336099585
RIDGEWOOD,184,1032800.0923913043,990000.0,3168.157608695652,2468.6358695652175,3.266304347826087
KEW GARDENS,52,1020602.8076923077,857500.0,2232.730769230769,3560.7884615384614,1.6923076923076923
BEECHHURST,43,986461.1162790698,925000.0,1975.2325581395348,4739.139534883721,1.1627906976744187
BRONXDALE,173,979083.6589595376,426400.0,6889.526011560693,4392.0809248554915,6.676300578034682
BAYSIDE,437,961522.0068649886,860000.0,2250.096109839817,4632.407322654462,1.654462242562929
CASTLE HILL/UNIONPORT,115,959014.1217391305,476000.0,5463.24347826087,4240.139130434783,4.4
COLLEGE POINT,240,958813.2833333333,750000.0,2549.8875,3853.170833333333,1.7666666666666666
LITTLE NECK,96,949745.15625,877500.0,2030.5833333333333,4609.895833333333,1.4375
TRAVIS,56,947203.5714285715,432500.0,3889.285714285714,5449.428571428572,1.125
WOODLAWN,40,946729.05,505500.0,4292.15,3785.525,3.6
WHITESTONE,207,945714.4444444445,885000.0,1863.5942028985507,4006.613526570048,1.3478260869565217
BRIGHTON BEACH,55,940420.1090909091,630000.0,2513.909090909091,2593.6545454545453,2.727272727272727
EAST TREMONT,87,929048.7586206896,490000.0,5398.586206896552,3148.3793103448274,4.850574712643678
NEPONSIT,22,912020.9090909091,830625.0,2040.1818181818182,5252.181818181818,1.0
MASPETH,207,911663.7294685991,738000.0,2410.1787439613527,3317.9565217391305,1.8405797101449275
PARKCHESTER,65,907436.9692307692,506493.0,4339.8,3684.9538461538464,3.3692307692307693
MILL BASIN,85,893511.4823529412,860000.0,2297.929411764706,3986.4117647058824,1.2823529411764707
BELLE HARBOR,67,891374.4029850747,852000.0,2155.7014925373132,4551.059701492537,1.4029850746268657
CORONA,277,884032.321299639,875712.0,2367.9205776173285,2419.202166064982,2.67870036101083
HOLLIS HILLS,28,879067.8571428572,865000.0,1713.107142857143,5171.892857142857,1.0
BRIARWOOD,39,874423.0769230769,772000.0,2132.6153846153848,3587.923076923077,1.8205128205128205
RICHMONDTOWN-LIGHTHS HILL,8,862599.875,812500.0,2547.75,9736.875,1.0
OCEAN HILL,204,862452.818627451,810000.0,3366.8382352941176,2259.25,3.25
BATHGATE,41,858711.0731707317,460000.0,4771.951219512195,2976.243902439024,3.951219512195122
SCHUYLERVILLE/PELHAM BAY,157,856932.2101910828,485000.0,3196.452229299363,3419.394904458599,2.9936305732484074
FRESH MEADOWS,79,854220.3164556962,882000.0,1690.0379746835442,3852.2911392405063,1.139240506329114
EMERSON HILL,12,850750.0,912500.0,2160.0833333333335,9854.75,1.25
MIDDLE VILLAGE,261,822893.264367816,735000.0,1863.8505747126437,2430.2260536398467,1.628352490421456
DONGAN HILLS-COLONY,40,817119.275,785200.0,2111.025,6261.25,1.275
SOUNDVIEW,274,806592.2226277372,455000.0,6842.912408759124,5291.748175182482,6.583941605839416
FLATBUSH-NORTH,192,795983.1354166666,600000.0,2949.0052083333335,2491.2760416666665,2.9166666666666665
FLUSHING-SOUTH,312,786631.092948718,785000.0,1777.3461538461538,3162.13141025641,1.4615384615384615
CROTONA PARK,38,775841.947368421,465458.0,3996.2368421052633,4513.894736842105,2.9210526315789473
HOLLIS,308,770076.5389610389,453500.0,2672.133116883117,4016.6233766233768,1.8863636363636365
SEAGATE,41,755164.6341463415,670844.0,2722.170731707317,4621.463414634146,1.975609756097561
CITY ISLAND-PELHAM STRIP,1,736000.0,736000.0,1420.0,2940.0,1.0
GLENDALE,211,734588.0758293839,695000.0,2016.0,2427.004739336493,1.853080568720379
PELHAM PARKWAY SOUTH,34,732091.5882352941,579500.0,2549.735294117647,3424.6176470588234,1.9411764705882353
PLEASANT PLAINS,42,730014.8571428572,643750.0,2373.404761904762,7302.380952380952,1.2619047619047619
PRINCES BAY,99,699181.5151515151,635000.0,2484.848484848485,5954.666666666667,1.4848484848484849
AIRPORT LA GUARDIA,5,687502.0,792000.0,1894.4,2125.2,2.4
WESTCHESTER,85,687417.905882353,489250.0,4090.8823529411766,4168.035294117647,2.835294117647059
TOTTENVILLE,171,678768.3976608188,600000.0,2117.6432748538014,4661.795321637427,1.4385964912280702
RICHMONDTOWN,60,670305.4,643000.0,1887.8333333333333,6260.25,1.05
JAMAICA HILLS,57,669595.4385964912,680000.0,1982.1052631578948,3389.315789473684,1.736842105263158
WOODROW,94,667377.914893617,549000.0,2637.2659574468084,6268.776595744681,1.4148936170212767
BERGEN BEACH,77,663580.4155844155,680000.0,2148.8571428571427,3217.714285714286,1.6363636363636365
GLEN OAKS,42,662627.3571428572,610000.0,90736.16666666667,104989.69047619047,45.73809523809524
CITY ISLAND,41,655449.2195121951,500000.0,2338.560975609756,10953.024390243903,1.2439024390243902
NEW DORP-HEIGHTS,70,644500.7571428572,576500.0,1984.8142857142857,4792.171428571429,1.3857142857142857
HUGUENOT,88,639254.9772727273,630500.0,2418.9204545454545,6102.409090909091,1.3977272727272727
HILLCREST,38,633118.6842105263,643000.0,1573.578947368421,2984.0263157894738,1.1842105263157894
MARINE PARK,214,630467.5747663551,639000.0,1536.03738317757,2241.46261682243,1.3317757009345794
OZONE PARK,341,629250.1700879765,509300.0,1784.533724340176,2531.360703812317,1.7653958944281525
DONGAN HILLS,56,626549.0178571428,632000.0,1802.4464285714287,4558.035714285715,1.5357142857142858
ROSSVILLE-RICHMOND VALLEY,7,618482.8571428572,650000.0,2409.0,10473.0,1.5714285714285714
BROWNSVILLE,143,616646.6643356644,460000.0,2820.125874125874,2439.9300699300697,2.6503496503496504
ANNADALE,110,614168.0454545454,584500.0,2110.0545454545454,4876.718181818182,1.3363636363636364
WILLOWBROOK,118,607012.6016949152,600000.0,1761.9237288135594,4153.838983050848,1.38135593220339
GRANT CITY,68,606443.8676470588,535000.0,1534.0294117647059,4331.764705882353,1.2647058823529411
ROSSVILLE,100,603868.33,516250.0,2507.84,4703.15,1.33
FLATBUSH-EAST,486,603378.0823045267,508500.0,2254.2654320987654,2477.0246913580245,2.0205761316872426
NEW SPRINGVILLE,194,601498.1701030928,565850.5,11545.639175257733,30273.96907216495,2.670103092783505
OLD MILL BASIN,158,600511.2278481013,499500.0,1864.860759493671,2465.76582278481,1.4050632911392404
PELHAM GARDENS,56,599759.3928571428,515000.0,2256.6428571428573,3875.464285714286,1.5
FLORAL PARK,109,598836.2752293578,600000.0,2423.8073394495414,6075.275229357798,2.4311926605504586
HAMMELS,41,596899.3170731707,429000.0,2190.243902439024,3024.6341463414633,1.9268292682926829
RICHMOND HILL,461,593282.4924078091,529000.0,2250.360086767896,2797.3253796095446,1.770065075921909
WOODHAVEN,287,592396.6271777004,559000.0,1933.993031358885,2470.3728222996515,1.8118466898954704
GRASMERE,54,582222.574074074,570000.0,1566.5740740740741,4380.2962962962965,1.3333333333333333
HOWARD BEACH,213,577597.9061032864,615000.0,1897.150234741784,3875.1220657276995,1.3380281690140845
BELLEROSE,154,575824.7142857143,563500.0,1512.7012987012988,3670.6493506493507,1.2337662337662338
CASTLETON CORNERS,99,569065.5454545454,515000.0,1619.6969696969697,4437.535353535353,1.2121212121212122
ARROCHAR,24,567506.2083333334,512250.0,2113.375,3625.6666666666665,1.5416666666666667
SILVER LAKE,39,562417.1794871795,580000.0,1895.6153846153845,5452.794871794872,1.1794871794871795
BRONX PARK,1,560000.0,560000.0,4197.0,2029.0,2.0
EAST NEW YORK,626,555422.6006389776,475000.0,2746.214057507987,2501.814696485623,2.6773162939297124
GRYMES HILL,39,553416.5641025641,575000.0,2000.1538461538462,8953.358974358975,1.3076923076923077
MORRIS PARK/VAN NEST,174,549796.1896551724,512500.0,2164.103448275862,2520.9540229885056,2.0517241379310347
MANOR HEIGHTS,95,545824.7789473684,545000.0,1604.157894736842,4146.631578947368,1.2210526315789474
CLOVE LAKES,72,542881.8194444445,527000.0,3372.0694444444443,5587.75,3.0833333333333335
CYPRESS HILLS,249,542658.7309236948,570000.0,2350.975903614458,2416.0722891566265,2.317269076305221
ROSSVILLE-CHARLESTON,38,541636.5263157894,559000.0,1953.578947368421,3828.7631578947367,1.1842105263157894
WESTERLEIGH,175,536910.0285714286,530250.0,1612.2057142857143,4039.2342857142858,1.3257142857142856
GREAT KILLS-BAY TERRACE,42,530182.380952381,557500.0,1775.142857142857,3809.7380952380954,1.4047619047619047
CANARSIE,418,524422.1770334928,512500.0,2134.255980861244,2750.0526315789475,1.9186602870813396
OAKWOOD,27,524114.0,550000.0,1271.5185185185185,4433.888888888889,1.037037037037037
WILLIAMSBRIDGE,315,521850.4222222222,430500.0,2700.5873015873017,2916.930158730159,2.7174603174603176
ELTINGVILLE,243,519254.5102880658,505000.0,1621.79012345679,3857.761316872428,1.242798353909465
BULLS HEAD,218,517638.55963302753,479000.0,1754.0275229357799,3194.564220183486,1.385321100917431
TOMPKINSVILLE,23,516252.17391304346,450000.0,1853.0,4310.304347826087,1.8695652173913044
FAR ROCKAWAY,227,514939.7973568282,430000.0,2679.5286343612333,4561.8105726872245,1.8458149779735682
COUNTRY CLUB,104,514465.125,505000.0,1902.0,3071.2596153846152,1.4423076923076923
NEW DORP,107,511835.8317757009,512000.0,1525.766355140187,3892.214953271028,1.3271028037383177
LIVINGSTON,23,509252.60869565216,510000.0,3336.8695652173915,9624.652173913044,3.9565217391304346
SO. JAMAICA-BAISLEY PARK,467,508668.3982869379,375500.0,1852.6680942184155,2964.406852248394,2.0706638115631693
FLATLANDS,125,503951.088,495000.0,2818.232,2777.648,2.304
OAKWOOD-BEACH,48,500534.4375,468420.0,1507.4791666666667,3815.6875,1.25
ROCKAWAY PARK,31,496051.03225806454,485000.0,2591.0,4143.709677419355,3.774193548387097
GREAT KILLS,485,495653.42680412374,492000.0,1606.5072164948454,3463.237113402062,1.2556701030927835
PELHAM PARKWAY NORTH,97,494232.1546391753,475000.0,2129.041237113402,3127.4123711340208,1.7422680412371134
ROSEBANK,116,491942.974137931,470000.0,1596.0,3384.405172413793,1.3793103448275863
WAKEFIELD,169,489241.63905325445,410000.0,2663.0295857988167,3056.5207100591715,2.171597633136095
SOUTH BEACH,168,487343.10714285716,470000.0,1506.4285714285713,3313.2440476190477,1.3630952380952381
SPRINGFIELD GARDENS,409,484152.8508557457,431000.0,1729.3691931540343,3603.5354523227384,1.4547677261613692
ROSEDALE,289,478629.2214532872,464000.0,1714.069204152249,3659.9377162629758,1.5986159169550174
SOUTH OZONE PARK,382,475216.7382198953,462000.0,1476.6570680628272,2823.7277486910994,1.450261780104712
QUEENS VILLAGE,382,461246.24607329845,470000.0,1524.6649214659685,3210.612565445026,1.3141361256544504
THROGS NECK,220,451582.5,439000.0,1799.1181818181817,3007.177272727273,1.5636363636363637
ARROCHAR-SHORE ACRES,14,449728.0,427500.0,1521.4285714285713,2690.0714285714284,1.1428571428571428
GERRITSEN BEACH,74,447774.3243243243,453300.0,1329.1351351351352,1983.1891891891892,1.162162162162162
WEST NEW BRIGHTON,212,445426.1179245283,415000.0,1978.933962264151,4572.608490566037,1.4575471698113207
BAYCHESTER,298,439444.92953020136,400000.0,2280.798657718121,3033.4664429530203,1.721476510067114
SOUTH JAMAICA,374,424030.2139037433,410000.0,1581.4625668449198,2749.4545454545455,1.5962566844919786
SPRING CREEK,52,421790.51923076925,419666.0,1625.076923076923,2002.423076923077,1.0
DONGAN HILLS-OLD TOWN,5,418800.0,380000.0,1372.2,2305.8,1.2
LAURELTON,232,418140.5215517241,446100.0,1529.7025862068965,3699.456896551724,1.3706896551724137
NEW BRIGHTON,130,412761.8538461538,359125.0,2061.753846153846,3523.876923076923,2.0
MIDLAND BEACH,189,411649.9417989418,441090.0,1385.7936507936508,2837.4444444444443,1.2010582010582012
ST. ALBANS,436,403485.7133027523,410000.0,1569.5160550458716,3258.8463302752293,1.3669724770642202
STAPLETON-CLIFTON,53,402406.11320754717,405498.0,1807.7358490566037,3008.1509433962265,1.1132075471698113
STAPLETON,82,399299.2073170732,324500.0,1974.0487804878048,3843.1585365853657,1.6951219512195121
ARDEN HEIGHTS,225,397414.91555555555,380000.0,1529.1377777777777,2004.4666666666667,1.1422222222222222
CONCORD,79,393177.4430379747,330000.0,1572.8987341772151,3347.481012658228,1.2151898734177216
ARVERNE,135,391691.7481481481,350000.0,2016.762962962963,3058.488888888889,1.8
MARINERS HARBOR,168,385996.96428571426,337000.0,2471.4464285714284,5397.869047619048,1.3392857142857142
CAMBRIA HEIGHTS,140,376077.75,407538.5,1317.1571428571428,3539.964285714286,1.1285714285714286
PORT RICHMOND,174,363977.2988505747,374000.0,1716.4597701149426,3580.477011494253,1.603448275862069
NEW DORP-BEACH,83,350201.843373494,370000.0,1243.44578313253,2741.746987951807,1.1566265060240963
CONCORD-FOX HILLS,18,326905.3333333333,324750.0,1061.111111111111,1456.6666666666667,1.0
PORT IVORY,35,322338.0857142857,259883.0,4966.685714285714,13786.0,4.828571428571428
BROAD CHANNEL,32,301674.53125,304453.5,1110.78125,3604.96875,1.0625
JAMAICA BAY,13,292467.3076923077,331065.0,1463.5384615384614,3124.846153846154,1.1538461538461537
FRESH KILLS,2,199501.5,199501.5,1462.0,5097.0,1.5
CO-OP CITY,3,193333.33333333334,107000.0,4644.0,5625.0,1.0
PELHAM BAY,1,10.0,10.0,4300.0,340000.0,1.0
